Timestamp,UTC,Callsign,Position,Altitude,Speed,Direction
1743185483,2025-03-28T18:11:23Z,SLI2460,"19.420721,-99.079887",0,0,210
1743185617,2025-03-28T18:13:37Z,SLI2460,"19.421093,-99.080154",0,0,300
1743185641,2025-03-28T18:14:01Z,SLI2460,"19.421219,-99.08036",0,2,300
1743185887,2025-03-28T18:18:07Z,SLI2460,"19.42149,-99.080849",0,0,300
1743185910,2025-03-28T18:18:30Z,SLI2460,"19.421618,-99.081078",0,2,300
1743185931,2025-03-28T18:18:51Z,SLI2460,"19.421768,-99.081337",0,4,300
1743185941,2025-03-28T18:19:01Z,SLI2460,"19.421885,-99.081558",0,6,300
1743185949,2025-03-28T18:19:09Z,SLI2460,"19.422035,-99.08181",0,8,300
1743185958,2025-03-28T18:19:18Z,SLI2460,"19.422293,-99.082039",0,9,337
1743185962,2025-03-28T18:19:22Z,SLI2460,"19.422512,-99.082062",0,9,354
1743185968,2025-03-28T18:19:28Z,SLI2460,"19.422758,-99.082047",0,9,2
1743185974,2025-03-28T18:19:34Z,SLI2460,"19.422966,-99.082047",0,9,2
1743185978,2025-03-28T18:19:38Z,SLI2460,"19.423187,-99.082039",0,9,2
1743185985,2025-03-28T18:19:45Z,SLI2460,"19.423485,-99.082024",0,9,2
1743185991,2025-03-28T18:19:51Z,SLI2460,"19.423746,-99.082069",0,10,345
1743185996,2025-03-28T18:19:56Z,SLI2460,"19.423954,-99.082161",0,10,334
1743186003,2025-03-28T18:20:03Z,SLI2460,"19.424229,-99.082306",0,10,331
1743186009,2025-03-28T18:20:09Z,SLI2460,"19.424469,-99.082451",0,10,331
1743186015,2025-03-28T18:20:15Z,SLI2460,"19.424725,-99.082596",0,9,331
1743186023,2025-03-28T18:20:23Z,SLI2460,"19.425003,-99.082756",0,9,331
1743186029,2025-03-28T18:20:29Z,SLI2460,"19.425213,-99.082886",0,7,329
1743186040,2025-03-28T18:20:40Z,SLI2460,"19.42543,-99.083069",0,5,317
1743186050,2025-03-28T18:20:50Z,SLI2460,"19.425585,-99.083282",0,6,303
1743186060,2025-03-28T18:21:00Z,SLI2460,"19.425716,-99.083557",0,6,292
1743186068,2025-03-28T18:21:08Z,SLI2460,"19.425808,-99.083794",0,7,292
1743186075,2025-03-28T18:21:15Z,SLI2460,"19.4259,-99.084007",0,7,292
1743186082,2025-03-28T18:21:22Z,SLI2460,"19.425993,-99.084236",0,8,295
1743186088,2025-03-28T18:21:28Z,SLI2460,"19.426083,-99.084442",0,8,295
1743186096,2025-03-28T18:21:36Z,SLI2460,"19.426203,-99.084732",0,7,292
1743186107,2025-03-28T18:21:47Z,SLI2460,"19.426296,-99.084946",0,1,292
1743186235,2025-03-28T18:23:55Z,SLI2460,"19.426376,-99.085159",0,5,292
1743186242,2025-03-28T18:24:02Z,SLI2460,"19.426481,-99.085381",0,8,295
1743186250,2025-03-28T18:24:10Z,SLI2460,"19.426609,-99.085678",0,8,298
1743186259,2025-03-28T18:24:19Z,SLI2460,"19.426838,-99.085861",0,7,343
1743186265,2025-03-28T18:24:25Z,SLI2460,"19.427055,-99.085793",0,10,33
1743186271,2025-03-28T18:24:31Z,SLI2460,"19.42725,-99.085518",0,14,59
1743186275,2025-03-28T18:24:35Z,SLI2460,"19.427387,-99.085266",0,16,59
1743186278,2025-03-28T18:24:38Z,SLI2460,"19.427547,-99.084984",0,19,59
1743186281,2025-03-28T18:24:41Z,SLI2460,"19.427708,-99.084702",0,21,59
1743186286,2025-03-28T18:24:46Z,SLI2460,"19.427937,-99.084282",0,22,59
1743186288,2025-03-28T18:24:48Z,SLI2460,"19.428074,-99.084053",0,22,59
1743186295,2025-03-28T18:24:55Z,SLI2460,"19.428436,-99.083382",0,21,59
1743186303,2025-03-28T18:25:03Z,SLI2460,"19.428818,-99.08271",0,21,59
1743186310,2025-03-28T18:25:10Z,SLI2460,"19.429159,-99.082123",0,21,59
1743186318,2025-03-28T18:25:18Z,SLI2460,"19.429588,-99.081352",0,19,59
1743186326,2025-03-28T18:25:26Z,SLI2460,"19.429937,-99.08075",0,18,59
1743186333,2025-03-28T18:25:33Z,SLI2460,"19.43026,-99.080177",0,19,61
1743186339,2025-03-28T18:25:39Z,SLI2460,"19.43058,-99.079575",0,20,59
1743186346,2025-03-28T18:25:46Z,SLI2460,"19.430927,-99.078964",0,21,59
1743186353,2025-03-28T18:25:53Z,SLI2460,"19.431288,-99.078316",0,22,59
1743186360,2025-03-28T18:26:00Z,SLI2460,"19.431679,-99.077637",0,23,59
1743186367,2025-03-28T18:26:07Z,SLI2460,"19.432079,-99.076904",0,24,59
1743186374,2025-03-28T18:26:14Z,SLI2460,"19.432503,-99.076157",0,25,59
1743186381,2025-03-28T18:26:21Z,SLI2460,"19.432905,-99.075432",0,23,59
1743186389,2025-03-28T18:26:29Z,SLI2460,"19.433327,-99.074692",0,23,59
1743186396,2025-03-28T18:26:36Z,SLI2460,"19.433733,-99.073959",0,24,59
1743186403,2025-03-28T18:26:43Z,SLI2460,"19.434162,-99.073227",0,25,59
1743186409,2025-03-28T18:26:49Z,SLI2460,"19.434536,-99.072548",0,25,59
1743186416,2025-03-28T18:26:56Z,SLI2460,"19.434963,-99.071777",0,23,59
1743186424,2025-03-28T18:27:04Z,SLI2460,"19.435362,-99.071075",0,20,59
1743186431,2025-03-28T18:27:11Z,SLI2460,"19.43564,-99.070587",0,14,59
1743186436,2025-03-28T18:27:16Z,SLI2460,"19.435776,-99.070381",0,8,50
1743186442,2025-03-28T18:27:22Z,SLI2460,"19.436005,-99.070259",0,9,11
1743186448,2025-03-28T18:27:28Z,SLI2460,"19.436258,-99.070366",0,11,329
1743186454,2025-03-28T18:27:34Z,SLI2460,"19.436508,-99.070587",0,10,317
1743186461,2025-03-28T18:27:41Z,SLI2460,"19.436724,-99.070801",0,9,317
1743186469,2025-03-28T18:27:49Z,SLI2460,"19.436956,-99.071014",0,8,317
1743186478,2025-03-28T18:27:58Z,SLI2460,"19.437166,-99.071213",0,7,317
1743186559,2025-03-28T18:29:19Z,SLI2460,"19.437479,-99.07151",0,7,317
1743186566,2025-03-28T18:29:26Z,SLI2460,"19.43771,-99.071724",0,11,317
1743186573,2025-03-28T18:29:33Z,SLI2460,"19.438038,-99.072037",0,14,317
1743186580,2025-03-28T18:29:40Z,SLI2460,"19.438341,-99.072319",0,13,317
1743186587,2025-03-28T18:29:47Z,SLI2460,"19.438614,-99.072548",0,9,329
1743186593,2025-03-28T18:29:53Z,SLI2460,"19.438841,-99.072586",0,9,2
1743186598,2025-03-28T18:29:58Z,SLI2460,"19.439072,-99.072441",0,11,45
1743186604,2025-03-28T18:30:04Z,SLI2460,"19.439249,-99.072151",0,14,61
1743186609,2025-03-28T18:30:09Z,SLI2460,"19.439423,-99.071823",0,15,59
1743186613,2025-03-28T18:30:13Z,SLI2460,"19.439587,-99.071533",0,15,59
1743186617,2025-03-28T18:30:17Z,SLI2460,"19.439724,-99.071312",0,15,59
1743186625,2025-03-28T18:30:25Z,SLI2460,"19.44001,-99.070793",0,15,59
1743186632,2025-03-28T18:30:32Z,SLI2460,"19.440296,-99.07029",0,16,59
1743186639,2025-03-28T18:30:39Z,SLI2460,"19.440582,-99.069778",0,16,59
1743186646,2025-03-28T18:30:46Z,SLI2460,"19.440868,-99.069275",0,17,59
1743186653,2025-03-28T18:30:53Z,SLI2460,"19.44112,-99.06881",0,15,59
1743186661,2025-03-28T18:31:01Z,SLI2460,"19.441395,-99.068321",0,14,59
1743186668,2025-03-28T18:31:08Z,SLI2460,"19.441635,-99.067894",0,14,59
1743186676,2025-03-28T18:31:16Z,SLI2460,"19.441891,-99.067444",0,15,59
1743186682,2025-03-28T18:31:22Z,SLI2460,"19.442139,-99.067017",0,15,59
1743186690,2025-03-28T18:31:30Z,SLI2460,"19.442438,-99.066467",0,16,59
1743186697,2025-03-28T18:31:37Z,SLI2460,"19.442705,-99.065979",0,16,59
1743186705,2025-03-28T18:31:45Z,SLI2460,"19.442997,-99.065475",0,15,59
1743186712,2025-03-28T18:31:52Z,SLI2460,"19.443249,-99.065048",0,13,59
1743186720,2025-03-28T18:32:00Z,SLI2460,"19.443455,-99.06469",0,11,59
1743186726,2025-03-28T18:32:06Z,SLI2460,"19.443604,-99.064423",0,9,59
1743186733,2025-03-28T18:32:13Z,SLI2460,"19.443741,-99.064171",0,8,59
1743186741,2025-03-28T18:32:21Z,SLI2460,"19.443867,-99.063942",0,6,61
1743186846,2025-03-28T18:34:06Z,SLI2460,"19.444008,-99.063683",0,3,59
1743186860,2025-03-28T18:34:20Z,SLI2460,"19.444107,-99.063461",0,4,64
1743186869,2025-03-28T18:34:29Z,SLI2460,"19.444183,-99.063248",0,6,73
1743186877,2025-03-28T18:34:37Z,SLI2460,"19.444221,-99.063019",0,7,84
1743186886,2025-03-28T18:34:46Z,SLI2460,"19.444199,-99.062798",0,3,101
1743186941,2025-03-28T18:35:41Z,SLI2460,"19.444113,-99.062523",0,6,109
1743186948,2025-03-28T18:35:48Z,SLI2460,"19.444038,-99.062302",0,6,109
1743186955,2025-03-28T18:35:55Z,SLI2460,"19.443947,-99.062065",0,8,115
1743186965,2025-03-28T18:36:05Z,SLI2460,"19.443741,-99.061928",0,5,177
1743186995,2025-03-28T18:36:35Z,SLI2460,"19.443542,-99.062187",0,13,241
1743186999,2025-03-28T18:36:39Z,SLI2460,"19.44331,-99.062584",0,32,239
1743187001,2025-03-28T18:36:41Z,SLI2460,"19.443089,-99.062981",0,44,239
1743187009,2025-03-28T18:36:49Z,SLI2460,"19.44203,-99.064873",7025,76,239
1743187022,2025-03-28T18:37:02Z,SLI2460,"19.438631,-99.070862",7025,128,239
1743187035,2025-03-28T18:37:15Z,SLI2460,"19.43421,-99.078751",7025,169,238
1743187049,2025-03-28T18:37:29Z,SLI2460,"19.427948,-99.089615",7425,172,239
1743187062,2025-03-28T18:37:42Z,SLI2460,"19.422897,-99.09903",7975,168,240
1743187077,2025-03-28T18:37:57Z,SLI2460,"19.417191,-99.109528",8425,169,240
1743187090,2025-03-28T18:38:10Z,SLI2460,"19.412004,-99.119049",8875,175,240
1743187103,2025-03-28T18:38:23Z,SLI2460,"19.406479,-99.128807",9200,180,238
1743187116,2025-03-28T18:38:36Z,SLI2460,"19.40062,-99.139053",9300,198,239
1743187129,2025-03-28T18:38:49Z,SLI2460,"19.39422,-99.150314",9425,215,239
1743187142,2025-03-28T18:39:02Z,SLI2460,"19.387005,-99.163147",9650,229,239
1743187155,2025-03-28T18:39:15Z,SLI2460,"19.38007,-99.175484",9925,240,238
1743187168,2025-03-28T18:39:28Z,SLI2460,"19.372807,-99.188965",10550,239,246
1743187170,2025-03-28T18:39:30Z,SLI2460,"19.372015,-99.191162",10650,239,249
1743187172,2025-03-28T18:39:32Z,SLI2460,"19.371317,-99.193413",10750,241,253
1743187174,2025-03-28T18:39:34Z,SLI2460,"19.370773,-99.195557",10825,242,256
1743187176,2025-03-28T18:39:36Z,SLI2460,"19.370293,-99.198105",10925,245,260
1743187178,2025-03-28T18:39:38Z,SLI2460,"19.370041,-99.200661",11000,247,265
1743187181,2025-03-28T18:39:41Z,SLI2460,"19.369921,-99.20385",11075,251,269
1743187183,2025-03-28T18:39:43Z,SLI2460,"19.370087,-99.206543",11125,254,275
1743187185,2025-03-28T18:39:45Z,SLI2460,"19.370453,-99.209045",11200,257,280
1743187187,2025-03-28T18:39:47Z,SLI2460,"19.371002,-99.211494",11250,259,284
1743187189,2025-03-28T18:39:49Z,SLI2460,"19.371872,-99.214485",11350,261,288
1743187191,2025-03-28T18:39:51Z,SLI2460,"19.372742,-99.216797",11425,263,292
1743187194,2025-03-28T18:39:54Z,SLI2460,"19.374023,-99.219635",11475,265,296
1743187196,2025-03-28T18:39:56Z,SLI2460,"19.375305,-99.221848",11525,267,302
1743187198,2025-03-28T18:39:58Z,SLI2460,"19.376816,-99.224052",11600,269,308
1743187200,2025-03-28T18:40:00Z,SLI2460,"19.37858,-99.226219",11700,270,312
1743187202,2025-03-28T18:40:02Z,SLI2460,"19.380348,-99.228119",11775,272,315
1743187204,2025-03-28T18:40:04Z,SLI2460,"19.382629,-99.230316",11875,274,318
1743187206,2025-03-28T18:40:06Z,SLI2460,"19.384369,-99.23185",11950,274,319
1743187209,2025-03-28T18:40:09Z,SLI2460,"19.386539,-99.233711",12000,275,321
1743187211,2025-03-28T18:40:11Z,SLI2460,"19.389175,-99.235924",12100,276,322
1743187213,2025-03-28T18:40:13Z,SLI2460,"19.39138,-99.237701",12200,276,322
1743187215,2025-03-28T18:40:15Z,SLI2460,"19.393429,-99.239349",12275,277,322
1743187218,2025-03-28T18:40:18Z,SLI2460,"19.395676,-99.241219",12375,277,322
1743187220,2025-03-28T18:40:20Z,SLI2460,"19.397736,-99.242889",12450,277,322
1743187222,2025-03-28T18:40:22Z,SLI2460,"19.400208,-99.244949",12550,277,322
1743187224,2025-03-28T18:40:24Z,SLI2460,"19.402222,-99.246567",12650,277,321
1743187226,2025-03-28T18:40:26Z,SLI2460,"19.404282,-99.248283",12750,277,321
1743187228,2025-03-28T18:40:28Z,SLI2460,"19.406616,-99.250244",12850,277,321
1743187260,2025-03-28T18:41:00Z,SLI2460,"19.439575,-99.277809",14225,286,321
1743187286,2025-03-28T18:41:26Z,SLI2460,"19.464752,-99.300072",15775,270,311
1743187288,2025-03-28T18:41:28Z,SLI2460,"19.466675,-99.302528",15925,268,309
1743187290,2025-03-28T18:41:30Z,SLI2460,"19.468185,-99.304634",16025,268,306
1743187292,2025-03-28T18:41:32Z,SLI2460,"19.469559,-99.306747",16125,267,302
1743187294,2025-03-28T18:41:34Z,SLI2460,"19.471218,-99.309662",16250,266,298
1743187296,2025-03-28T18:41:36Z,SLI2460,"19.472214,-99.311798",16325,265,295
1743187299,2025-03-28T18:41:39Z,SLI2460,"19.473454,-99.314857",16450,264,291
1743187301,2025-03-28T18:41:41Z,SLI2460,"19.474245,-99.317253",16525,263,288
1743187303,2025-03-28T18:41:43Z,SLI2460,"19.474943,-99.319756",16625,262,284
1743187305,2025-03-28T18:41:45Z,SLI2460,"19.475601,-99.32254",16725,262,282
1743187307,2025-03-28T18:41:47Z,SLI2460,"19.476105,-99.325531",16850,262,278
1743187310,2025-03-28T18:41:50Z,SLI2460,"19.476379,-99.328079",16925,262,275
1743187312,2025-03-28T18:41:52Z,SLI2460,"19.476572,-99.331436",17050,262,271
1743187314,2025-03-28T18:41:54Z,SLI2460,"19.476563,-99.333771",17125,263,269
1743187316,2025-03-28T18:41:56Z,SLI2460,"19.476425,-99.33696",17200,264,266
1743187318,2025-03-28T18:41:58Z,SLI2460,"19.476242,-99.338921",17250,267,262
1743187321,2025-03-28T18:42:01Z,SLI2460,"19.475693,-99.342598",17300,269,259
1743187323,2025-03-28T18:42:03Z,SLI2460,"19.475143,-99.3452",17325,273,255
1743187325,2025-03-28T18:42:05Z,SLI2460,"19.474274,-99.348236",17325,275,252
1743187327,2025-03-28T18:42:07Z,SLI2460,"19.473633,-99.350296",17350,278,250
1743187329,2025-03-28T18:42:09Z,SLI2460,"19.47258,-99.353439",17375,280,250
1743187331,2025-03-28T18:42:11Z,SLI2460,"19.471664,-99.355988",17375,283,249
1743187333,2025-03-28T18:42:13Z,SLI2460,"19.470657,-99.358681",17400,287,248
1743187335,2025-03-28T18:42:15Z,SLI2460,"19.46945,-99.362",17400,289,248
1743187338,2025-03-28T18:42:18Z,SLI2460,"19.468506,-99.364571",17425,291,248
1743187340,2025-03-28T18:42:20Z,SLI2460,"19.467262,-99.367943",17450,294,248
1743187342,2025-03-28T18:42:22Z,SLI2460,"19.466471,-99.370087",17475,295,248
1743187344,2025-03-28T18:42:24Z,SLI2460,"19.465393,-99.373055",17525,296,248
1743187346,2025-03-28T18:42:26Z,SLI2460,"19.464386,-99.375755",17575,296,248
1743187348,2025-03-28T18:42:28Z,SLI2460,"19.463305,-99.378731",17675,297,248
1743187350,2025-03-28T18:42:30Z,SLI2460,"19.462326,-99.381477",17725,298,248
1743187383,2025-03-28T18:43:03Z,SLI2460,"19.446167,-99.426315",18975,300,249
1743187413,2025-03-28T18:43:33Z,SLI2460,"19.431015,-99.468353",20075,304,249
1743187446,2025-03-28T18:44:06Z,SLI2460,"19.414352,-99.514503",21125,314,249
1743187477,2025-03-28T18:44:37Z,SLI2460,"19.397736,-99.56041",21925,325,249
1743187509,2025-03-28T18:45:09Z,SLI2460,"19.383188,-99.609192",22025,340,259
1743187511,2025-03-28T18:45:11Z,SLI2460,"19.382584,-99.613136",22025,342,260
1743187513,2025-03-28T18:45:13Z,SLI2460,"19.382172,-99.616127",22025,344,262
1743187515,2025-03-28T18:45:15Z,SLI2460,"19.38176,-99.619461",22025,345,263
1743187517,2025-03-28T18:45:17Z,SLI2460,"19.381393,-99.622849",22050,346,264
1743187520,2025-03-28T18:45:20Z,SLI2460,"19.381073,-99.626915",22100,348,265
1743187522,2025-03-28T18:45:22Z,SLI2460,"19.380844,-99.630501",22125,348,265
1743187524,2025-03-28T18:45:24Z,SLI2460,"19.380569,-99.634621",22175,349,266
1743187526,2025-03-28T18:45:26Z,SLI2460,"19.380295,-99.638641",22250,350,266
1743187528,2025-03-28T18:45:28Z,SLI2460,"19.380112,-99.641434",22275,351,266
1743187530,2025-03-28T18:45:30Z,SLI2460,"19.379883,-99.645195",22350,351,266
1743187533,2025-03-28T18:45:33Z,SLI2460,"19.379696,-99.648491",22425,351,266
1743187563,2025-03-28T18:46:03Z,SLI2460,"19.37639,-99.700928",23425,353,266
1743187595,2025-03-28T18:46:35Z,SLI2460,"19.372854,-99.757454",24000,358,266
1743187626,2025-03-28T18:47:06Z,SLI2460,"19.369455,-99.811638",24000,364,266
1743187657,2025-03-28T18:47:37Z,SLI2460,"19.365917,-99.868767",24500,378,266
1743187678,2025-03-28T18:47:58Z,SLI2460,"19.365917,-99.908073",25150,380,277
1743187681,2025-03-28T18:48:01Z,SLI2460,"19.366608,-99.912712",25225,381,279
1743187683,2025-03-28T18:48:03Z,SLI2460,"19.367174,-99.916161",25300,380,280
1743187685,2025-03-28T18:48:05Z,SLI2460,"19.367872,-99.919655",25350,380,282
1743187687,2025-03-28T18:48:07Z,SLI2460,"19.368942,-99.924332",25450,381,284
1743187689,2025-03-28T18:48:09Z,SLI2460,"19.369858,-99.927963",25525,380,285
1743187691,2025-03-28T18:48:11Z,SLI2460,"19.371094,-99.932228",25600,381,287
1743187693,2025-03-28T18:48:13Z,SLI2460,"19.372192,-99.935806",25675,382,288
1743187696,2025-03-28T18:48:16Z,SLI2460,"19.373383,-99.939293",25725,382,290
1743187698,2025-03-28T18:48:18Z,SLI2460,"19.374622,-99.942627",25800,383,292
1743187700,2025-03-28T18:48:20Z,SLI2460,"19.376358,-99.946945",25875,383,293
1743187702,2025-03-28T18:48:22Z,SLI2460,"19.377974,-99.950714",25925,384,294
1743187704,2025-03-28T18:48:24Z,SLI2460,"19.37923,-99.953415",25950,385,296
1743187706,2025-03-28T18:48:26Z,SLI2460,"19.380861,-99.956757",25975,386,298
1743187708,2025-03-28T18:48:28Z,SLI2460,"19.382858,-99.960579",26000,387,299
1743187710,2025-03-28T18:48:30Z,SLI2460,"19.384771,-99.963997",26000,387,301
1743187712,2025-03-28T18:48:32Z,SLI2460,"19.387053,-99.967896",26000,387,302
1743187714,2025-03-28T18:48:34Z,SLI2460,"19.389008,-99.971039",26000,388,303
1743187717,2025-03-28T18:48:37Z,SLI2460,"19.391008,-99.974236",26000,388,303
1743187719,2025-03-28T18:48:39Z,SLI2460,"19.393429,-99.977982",26000,388,304
1743187721,2025-03-28T18:48:41Z,SLI2460,"19.395477,-99.981133",26000,387,304
1743187723,2025-03-28T18:48:43Z,SLI2460,"19.39748,-99.984222",26000,387,304
1743187725,2025-03-28T18:48:45Z,SLI2460,"19.399529,-99.987373",26000,387,304
1743187727,2025-03-28T18:48:47Z,SLI2460,"19.401577,-99.990471",26000,386,304
1743187729,2025-03-28T18:48:49Z,SLI2460,"19.404236,-99.994514",26000,386,304
1743187732,2025-03-28T18:48:52Z,SLI2460,"19.406296,-99.997604",26000,386,304
1743187762,2025-03-28T18:49:22Z,SLI2460,"19.437561,-100.045403",26000,387,304
1743187793,2025-03-28T18:49:53Z,SLI2460,"19.468519,-100.092888",26000,387,304
1743187810,2025-03-28T18:50:10Z,SLI2460,"19.488281,-100.118797",26025,399,315
1743187812,2025-03-28T18:50:12Z,SLI2460,"19.491747,-100.122353",26025,401,317
1743187815,2025-03-28T18:50:15Z,SLI2460,"19.494278,-100.124786",26025,403,318
1743187817,2025-03-28T18:50:17Z,SLI2460,"19.497665,-100.127823",26000,406,319
1743187819,2025-03-28T18:50:19Z,SLI2460,"19.500872,-100.130646",26000,408,321
1743187821,2025-03-28T18:50:21Z,SLI2460,"19.503851,-100.133087",26000,410,323
1743187823,2025-03-28T18:50:23Z,SLI2460,"19.507919,-100.136162",26000,412,324
1743187826,2025-03-28T18:50:26Z,SLI2460,"19.511765,-100.138908",26000,415,326
1743187828,2025-03-28T18:50:28Z,SLI2460,"19.514652,-100.140877",26000,417,327
1743187830,2025-03-28T18:50:30Z,SLI2460,"19.519306,-100.143829",26000,419,329
1743187833,2025-03-28T18:50:33Z,SLI2460,"19.522385,-100.14563",26000,422,331
1743187835,2025-03-28T18:50:35Z,SLI2460,"19.526941,-100.148125",26000,423,333
1743187837,2025-03-28T18:50:37Z,SLI2460,"19.530525,-100.149971",26000,427,334
1743187839,2025-03-28T18:50:39Z,SLI2460,"19.534607,-100.151909",26000,428,336
1743187841,2025-03-28T18:50:41Z,SLI2460,"19.538269,-100.153473",26000,431,338
1743187844,2025-03-28T18:50:44Z,SLI2460,"19.542709,-100.155289",26000,434,340
1743187846,2025-03-28T18:50:46Z,SLI2460,"19.5466,-100.156662",26000,435,341
1743187848,2025-03-28T18:50:48Z,SLI2460,"19.552313,-100.158562",26000,438,343
1743187850,2025-03-28T18:50:50Z,SLI2460,"19.55603,-100.159607",26000,441,345
1743187853,2025-03-28T18:50:53Z,SLI2460,"19.560226,-100.160706",26000,443,346
1743187855,2025-03-28T18:50:55Z,SLI2460,"19.565067,-100.161903",26000,443,347
1743187857,2025-03-28T18:50:57Z,SLI2460,"19.567978,-100.162552",26000,446,347
1743187859,2025-03-28T18:50:59Z,SLI2460,"19.573168,-100.163704",26000,446,348
1743187861,2025-03-28T18:51:01Z,SLI2460,"19.576813,-100.164513",26000,446,348
1743187863,2025-03-28T18:51:03Z,SLI2460,"19.582106,-100.165596",26000,446,348
1743187865,2025-03-28T18:51:05Z,SLI2460,"19.586563,-100.166573",26000,447,348
1743187868,2025-03-28T18:51:08Z,SLI2460,"19.589859,-100.167259",26000,447,348
1743187870,2025-03-28T18:51:10Z,SLI2460,"19.59514,-100.168343",26000,447,348
1743187900,2025-03-28T18:51:40Z,SLI2460,"19.656218,-100.181129",24825,444,348
1743187932,2025-03-28T18:52:12Z,SLI2460,"19.720367,-100.194527",23250,428,348
1743187963,2025-03-28T18:52:43Z,SLI2460,"19.779877,-100.207184",21975,410,348
1743187995,2025-03-28T18:53:15Z,SLI2460,"19.839214,-100.21978",20700,399,348
1743188028,2025-03-28T18:53:48Z,SLI2460,"19.896881,-100.232002",20000,387,348
1743188059,2025-03-28T18:54:19Z,SLI2460,"19.951904,-100.243675",20000,387,348
1743188092,2025-03-28T18:54:52Z,SLI2460,"20.010223,-100.254318",20000,391,355
1743188100,2025-03-28T18:55:00Z,SLI2460,"20.026028,-100.255035",20000,393,358
1743188102,2025-03-28T18:55:02Z,SLI2460,"20.029659,-100.255089",20000,394,359
1743188105,2025-03-28T18:55:05Z,SLI2460,"20.034302,-100.255051",20000,394,359
1743188107,2025-03-28T18:55:07Z,SLI2460,"20.03776,-100.254936",20000,394,1
1743188109,2025-03-28T18:55:09Z,SLI2460,"20.041626,-100.254753",20000,394,2
1743188111,2025-03-28T18:55:11Z,SLI2460,"20.045067,-100.254585",20000,394,3
1743188113,2025-03-28T18:55:13Z,SLI2460,"20.049303,-100.254288",20000,395,4
1743188115,2025-03-28T18:55:15Z,SLI2460,"20.053345,-100.253922",20000,395,4
1743188117,2025-03-28T18:55:17Z,SLI2460,"20.057007,-100.253532",20000,395,5
1743188119,2025-03-28T18:55:19Z,SLI2460,"20.060669,-100.253189",20000,396,5
1743188152,2025-03-28T18:55:52Z,SLI2460,"20.120342,-100.246849",20000,395,5
1743188185,2025-03-28T18:56:25Z,SLI2460,"20.180374,-100.240433",20000,393,5
1743188215,2025-03-28T18:56:55Z,SLI2460,"20.234907,-100.234612",19575,385,5
1743188248,2025-03-28T18:57:28Z,SLI2460,"20.291656,-100.228569",18375,379,5
1743188279,2025-03-28T18:57:59Z,SLI2460,"20.345856,-100.222778",16950,372,5
1743188311,2025-03-28T18:58:31Z,SLI2460,"20.400076,-100.216484",16000,350,12
1743188313,2025-03-28T18:58:33Z,SLI2460,"20.403753,-100.215485",16000,348,16
1743188316,2025-03-28T18:58:36Z,SLI2460,"20.407104,-100.214294",16025,346,21
1743188318,2025-03-28T18:58:38Z,SLI2460,"20.410629,-100.212677",16025,344,24
1743188320,2025-03-28T18:58:40Z,SLI2460,"20.413761,-100.210991",16025,342,29
1743188322,2025-03-28T18:58:42Z,SLI2460,"20.417067,-100.208893",16025,340,32
1743188324,2025-03-28T18:58:44Z,SLI2460,"20.41958,-100.207001",16025,339,37
1743188327,2025-03-28T18:58:47Z,SLI2460,"20.422094,-100.204803",16025,337,41
1743188329,2025-03-28T18:58:49Z,SLI2460,"20.425003,-100.201935",16025,336,44
1743188331,2025-03-28T18:58:51Z,SLI2460,"20.427029,-100.199707",16025,335,47
1743188333,2025-03-28T18:58:53Z,SLI2460,"20.429581,-100.196442",16000,336,51
1743188335,2025-03-28T18:58:55Z,SLI2460,"20.431637,-100.193413",15950,336,55
1743188338,2025-03-28T18:58:58Z,SLI2460,"20.433313,-100.190666",15900,337,59
1743188340,2025-03-28T18:59:00Z,SLI2460,"20.434937,-100.187561",15825,338,62
1743188342,2025-03-28T18:59:02Z,SLI2460,"20.436584,-100.183884",15725,339,66
1743188344,2025-03-28T18:59:04Z,SLI2460,"20.437689,-100.180977",15650,340,70
1743188346,2025-03-28T18:59:06Z,SLI2460,"20.438736,-100.177605",15550,340,73
1743188349,2025-03-28T18:59:09Z,SLI2460,"20.439651,-100.173683",15450,342,77
1743188351,2025-03-28T18:59:11Z,SLI2460,"20.440247,-100.169662",15350,342,81
1743188353,2025-03-28T18:59:13Z,SLI2460,"20.440622,-100.165947",15250,343,85
1743188355,2025-03-28T18:59:15Z,SLI2460,"20.440704,-100.162254",15150,343,89
1743188357,2025-03-28T18:59:17Z,SLI2460,"20.440567,-100.158875",15075,343,94
1743188360,2025-03-28T18:59:20Z,SLI2460,"20.440203,-100.155159",14950,343,97
1743188362,2025-03-28T18:59:22Z,SLI2460,"20.439468,-100.150826",14850,342,101
1743188365,2025-03-28T18:59:25Z,SLI2460,"20.438507,-100.146904",14750,341,107
1743188367,2025-03-28T18:59:27Z,SLI2460,"20.43713,-100.14283",14625,341,110
1743188369,2025-03-28T18:59:29Z,SLI2460,"20.435966,-100.139679",14550,340,112
1743188371,2025-03-28T18:59:31Z,SLI2460,"20.43457,-100.136116",14450,341,112
1743188374,2025-03-28T18:59:34Z,SLI2460,"20.433472,-100.133125",14350,342,111
1743188376,2025-03-28T18:59:36Z,SLI2460,"20.432056,-100.128998",14225,343,109
1743188378,2025-03-28T18:59:38Z,SLI2460,"20.431126,-100.125748",14125,344,105
1743188380,2025-03-28T18:59:40Z,SLI2460,"20.430496,-100.122772",14050,345,100
1743188382,2025-03-28T18:59:42Z,SLI2460,"20.429855,-100.118607",13950,345,96
1743188389,2025-03-28T18:59:49Z,SLI2460,"20.429672,-100.107178",13650,346,85
1743188391,2025-03-28T18:59:51Z,SLI2460,"20.43013,-100.103104",13575,345,82
1743188393,2025-03-28T18:59:53Z,SLI2460,"20.430799,-100.099434",13500,344,77
1743188395,2025-03-28T18:59:55Z,SLI2460,"20.431549,-100.096481",13450,343,73
1743188398,2025-03-28T18:59:58Z,SLI2460,"20.432556,-100.0933",13375,343,70
1743188400,2025-03-28T19:00:00Z,SLI2460,"20.433701,-100.090157",13300,341,66
1743188402,2025-03-28T19:00:02Z,SLI2460,"20.435501,-100.086197",13225,340,62
1743188404,2025-03-28T19:00:04Z,SLI2460,"20.437038,-100.083305",13150,339,58
1743188406,2025-03-28T19:00:06Z,SLI2460,"20.439331,-100.079712",13075,337,54
1743188409,2025-03-28T19:00:09Z,SLI2460,"20.441133,-100.077263",13025,335,50
1743188411,2025-03-28T19:00:11Z,SLI2460,"20.443771,-100.074165",12950,333,46
1743188413,2025-03-28T19:00:13Z,SLI2460,"20.44606,-100.071815",12875,331,42
1743188415,2025-03-28T19:00:15Z,SLI2460,"20.448761,-100.069359",12800,329,40
1743188417,2025-03-28T19:00:17Z,SLI2460,"20.451233,-100.067207",12725,328,39
1743188420,2025-03-28T19:00:20Z,SLI2460,"20.453796,-100.064972",12650,326,39
1743188422,2025-03-28T19:00:22Z,SLI2460,"20.456818,-100.062248",12575,325,41
1743188424,2025-03-28T19:00:24Z,SLI2460,"20.459616,-100.059532",12525,325,42
1743188427,2025-03-28T19:00:27Z,SLI2460,"20.462223,-100.056885",12450,323,43
1743188429,2025-03-28T19:00:29Z,SLI2460,"20.463945,-100.055138",12400,322,44
1743188431,2025-03-28T19:00:31Z,SLI2460,"20.466925,-100.051994",12325,322,44
1743188433,2025-03-28T19:00:33Z,SLI2460,"20.469065,-100.049797",12250,321,44
1743188436,2025-03-28T19:00:36Z,SLI2460,"20.471008,-100.047783",12175,319,44
1743188466,2025-03-28T19:01:06Z,SLI2460,"20.505144,-100.017387",11250,307,34
1743188468,2025-03-28T19:01:08Z,SLI2460,"20.508224,-100.015213",11175,307,33
1743188471,2025-03-28T19:01:11Z,SLI2460,"20.510605,-100.013596",11125,305,32
1743188473,2025-03-28T19:01:13Z,SLI2460,"20.513489,-100.011681",11050,304,31
1743188475,2025-03-28T19:01:15Z,SLI2460,"20.515869,-100.010117",11000,302,30
1743188477,2025-03-28T19:01:17Z,SLI2460,"20.518295,-100.008644",10925,300,30
1743188479,2025-03-28T19:01:19Z,SLI2460,"20.521017,-100.00695",10825,300,29
1743188481,2025-03-28T19:01:21Z,SLI2460,"20.523651,-100.005455",10775,299,28
1743188484,2025-03-28T19:01:24Z,SLI2460,"20.526169,-100.004036",10700,297,27
1743188486,2025-03-28T19:01:26Z,SLI2460,"20.52951,-100.00222",10650,295,26
1743188488,2025-03-28T19:01:28Z,SLI2460,"20.531725,-100.001106",10600,293,25
1743188490,2025-03-28T19:01:30Z,SLI2460,"20.534088,-99.999962",10550,290,24
1743188492,2025-03-28T19:01:32Z,SLI2460,"20.536659,-99.998711",10525,287,23
1743188494,2025-03-28T19:01:34Z,SLI2460,"20.539173,-99.997559",10500,285,23
1743188497,2025-03-28T19:01:37Z,SLI2460,"20.54274,-99.995941",10450,281,22
1743188499,2025-03-28T19:01:39Z,SLI2460,"20.54583,-99.994614",10425,278,21
1743188502,2025-03-28T19:01:42Z,SLI2460,"20.547832,-99.993813",10425,275,20
1743188504,2025-03-28T19:01:44Z,SLI2460,"20.550934,-99.992607",10375,271,19
1743188506,2025-03-28T19:01:46Z,SLI2460,"20.553726,-99.991676",10350,268,17
1743188508,2025-03-28T19:01:48Z,SLI2460,"20.556107,-99.991035",10300,265,11
1743188510,2025-03-28T19:01:50Z,SLI2460,"20.558771,-99.99057",10250,261,7
1743188512,2025-03-28T19:01:52Z,SLI2460,"20.560726,-99.990417",10200,259,1
1743188515,2025-03-28T19:01:55Z,SLI2460,"20.563797,-99.990448",10125,256,356
1743188517,2025-03-28T19:01:57Z,SLI2460,"20.566406,-99.990715",10050,252,352
1743188519,2025-03-28T19:01:59Z,SLI2460,"20.568781,-99.991165",10000,249,346
1743188521,2025-03-28T19:02:01Z,SLI2460,"20.571434,-99.992012",9950,246,341
1743188524,2025-03-28T19:02:04Z,SLI2460,"20.574097,-99.993141",9875,243,336
1743188526,2025-03-28T19:02:06Z,SLI2460,"20.576065,-99.994225",9800,240,331
1743188528,2025-03-28T19:02:08Z,SLI2460,"20.578308,-99.995743",9725,236,324
1743188530,2025-03-28T19:02:10Z,SLI2460,"20.579906,-99.997108",9650,235,320
1743188532,2025-03-28T19:02:12Z,SLI2460,"20.58197,-99.999176",9575,232,314
1743188535,2025-03-28T19:02:15Z,SLI2460,"20.583445,-100.001053",9500,230,308
1743188537,2025-03-28T19:02:17Z,SLI2460,"20.584351,-100.002411",9450,227,303
1743188539,2025-03-28T19:02:19Z,SLI2460,"20.585678,-100.004852",9350,224,296
1743188541,2025-03-28T19:02:21Z,SLI2460,"20.58647,-100.006844",9300,221,291
1743188543,2025-03-28T19:02:23Z,SLI2460,"20.587168,-100.009346",9225,219,284
1743188545,2025-03-28T19:02:25Z,SLI2460,"20.587448,-100.01104",9200,216,276
1743188547,2025-03-28T19:02:27Z,SLI2460,"20.587601,-100.013794",9175,216,271
1743188549,2025-03-28T19:02:29Z,SLI2460,"20.587555,-100.015953",9150,218,267
1743188552,2025-03-28T19:02:32Z,SLI2460,"20.587448,-100.017883",9100,219,265
1743188554,2025-03-28T19:02:34Z,SLI2460,"20.587261,-100.020531",9050,219,265
1743188556,2025-03-28T19:02:36Z,SLI2460,"20.587122,-100.022675",9000,220,268
1743188558,2025-03-28T19:02:38Z,SLI2460,"20.587122,-100.024872",8950,219,272
1743188560,2025-03-28T19:02:40Z,SLI2460,"20.587326,-100.027626",8875,219,276
1743188562,2025-03-28T19:02:42Z,SLI2460,"20.587681,-100.029572",8850,219,281
1743188564,2025-03-28T19:02:44Z,SLI2460,"20.588192,-100.032166",8825,218,282
1743188566,2025-03-28T19:02:46Z,SLI2460,"20.588612,-100.034164",8800,219,282
1743188568,2025-03-28T19:02:48Z,SLI2460,"20.588974,-100.036057",8750,219,281
1743188570,2025-03-28T19:02:50Z,SLI2460,"20.58934,-100.038269",8700,220,280
1743188579,2025-03-28T19:02:59Z,SLI2460,"20.590893,-100.047798",8500,215,279
1743188581,2025-03-28T19:03:01Z,SLI2460,"20.591312,-100.050346",8475,213,280
1743188584,2025-03-28T19:03:04Z,SLI2460,"20.591721,-100.052536",8425,212,280
1743188586,2025-03-28T19:03:06Z,SLI2460,"20.592041,-100.054596",8375,210,280
1743188599,2025-03-28T19:03:19Z,SLI2460,"20.59433,-100.067108",8275,182,280
1743188612,2025-03-28T19:03:32Z,SLI2460,"20.59634,-100.078209",7975,172,281
1743188625,2025-03-28T19:03:45Z,SLI2460,"20.598248,-100.089096",7675,166,280
1743188639,2025-03-28T19:03:59Z,SLI2460,"20.599869,-100.097664",7475,156,282
1743188731,2025-03-28T19:05:31Z,SLI2460,"20.614334,-100.162453",7350,142,287
1743188744,2025-03-28T19:05:44Z,SLI2460,"20.616217,-100.172043",7650,161,279
1743188757,2025-03-28T19:05:57Z,SLI2460,"20.61808,-100.182831",8125,173,280
1743188771,2025-03-28T19:06:11Z,SLI2460,"20.620035,-100.194611",8550,190,278
1743188784,2025-03-28T19:06:24Z,SLI2460,"20.62175,-100.20787",9125,199,275
1743188797,2025-03-28T19:06:37Z,SLI2460,"20.622967,-100.220932",9750,207,278
1743188811,2025-03-28T19:06:51Z,SLI2460,"20.625063,-100.234413",10275,213,279
1743188824,2025-03-28T19:07:04Z,SLI2460,"20.627529,-100.248299",10350,219,280
1743188838,2025-03-28T19:07:18Z,SLI2460,"20.63023,-100.263229",10125,215,280
1743188851,2025-03-28T19:07:31Z,SLI2460,"20.632744,-100.276909",9900,215,280
1743188864,2025-03-28T19:07:44Z,SLI2460,"20.6353,-100.291245",9725,213,281
1743188877,2025-03-28T19:07:57Z,SLI2460,"20.637726,-100.304443",9700,210,280
1743188890,2025-03-28T19:08:10Z,SLI2460,"20.639969,-100.316994",9700,211,280
1743188901,2025-03-28T19:08:21Z,SLI2460,"20.64267,-100.327538",9750,217,294
1743188903,2025-03-28T19:08:23Z,SLI2460,"20.643869,-100.330048",9725,218,298
1743188905,2025-03-28T19:08:25Z,SLI2460,"20.644939,-100.331894",9725,223,304
1743188907,2025-03-28T19:08:27Z,SLI2460,"20.646429,-100.334038",9725,225,307
1743188909,2025-03-28T19:08:29Z,SLI2460,"20.647705,-100.335533",9725,231,313
1743188911,2025-03-28T19:08:31Z,SLI2460,"20.649582,-100.337448",9725,234,317
1743188914,2025-03-28T19:08:34Z,SLI2460,"20.651688,-100.339264",9750,237,322
1743188916,2025-03-28T19:08:36Z,SLI2460,"20.653564,-100.340637",9750,242,327
1743188918,2025-03-28T19:08:38Z,SLI2460,"20.656019,-100.342133",9750,244,331
1743188921,2025-03-28T19:08:41Z,SLI2460,"20.658487,-100.343376",9750,248,336
1743188923,2025-03-28T19:08:43Z,SLI2460,"20.660675,-100.344276",9750,248,340
1743188925,2025-03-28T19:08:45Z,SLI2460,"20.662863,-100.345024",9725,249,343
1743188928,2025-03-28T19:08:48Z,SLI2460,"20.665609,-100.345673",9700,252,349
1743188930,2025-03-28T19:08:50Z,SLI2460,"20.668915,-100.346123",9700,254,355
1743188932,2025-03-28T19:08:52Z,SLI2460,"20.671755,-100.346222",9725,255,359
1743188934,2025-03-28T19:08:54Z,SLI2460,"20.674175,-100.346123",9725,255,3
1743188937,2025-03-28T19:08:57Z,SLI2460,"20.676456,-100.345879",9725,256,7
1743188939,2025-03-28T19:08:59Z,SLI2460,"20.679388,-100.345276",9725,257,11
1743188941,2025-03-28T19:09:01Z,SLI2460,"20.682312,-100.34446",9725,257,15
1743188943,2025-03-28T19:09:03Z,SLI2460,"20.684143,-100.343826",9725,259,20
1743188945,2025-03-28T19:09:05Z,SLI2460,"20.686386,-100.342842",9725,260,24
1743188948,2025-03-28T19:09:08Z,SLI2460,"20.688791,-100.341629",9700,261,28
1743188950,2025-03-28T19:09:10Z,SLI2460,"20.691513,-100.339897",9725,264,32
1743188952,2025-03-28T19:09:12Z,SLI2460,"20.693354,-100.338486",9725,265,37
1743188954,2025-03-28T19:09:14Z,SLI2460,"20.69577,-100.336372",9750,265,41
1743188956,2025-03-28T19:09:16Z,SLI2460,"20.697731,-100.334389",9750,266,44
1743188959,2025-03-28T19:09:19Z,SLI2460,"20.699453,-100.33239",9725,266,48
1743188961,2025-03-28T19:09:21Z,SLI2460,"20.700663,-100.330841",9725,267,52
1743188963,2025-03-28T19:09:23Z,SLI2460,"20.70299,-100.327301",9700,267,57
1743188965,2025-03-28T19:09:25Z,SLI2460,"20.704201,-100.325005",9700,267,61
1743188967,2025-03-28T19:09:27Z,SLI2460,"20.705271,-100.322701",9725,268,66
1743188969,2025-03-28T19:09:29Z,SLI2460,"20.706203,-100.320259",9725,268,69
1743188972,2025-03-28T19:09:32Z,SLI2460,"20.707041,-100.317657",9725,268,73
1743188974,2025-03-28T19:09:34Z,SLI2460,"20.707832,-100.314568",9725,269,77
1743188976,2025-03-28T19:09:36Z,SLI2460,"20.708344,-100.31147",9725,270,81
1743188978,2025-03-28T19:09:38Z,SLI2460,"20.708633,-100.308563",9750,269,85
1743188980,2025-03-28T19:09:40Z,SLI2460,"20.708725,-100.305908",9750,270,88
1743188982,2025-03-28T19:09:42Z,SLI2460,"20.708679,-100.303261",9750,269,92
1743188984,2025-03-28T19:09:44Z,SLI2460,"20.708496,-100.300568",9725,268,95
1743188986,2025-03-28T19:09:46Z,SLI2460,"20.70813,-100.297966",9725,267,99
1743188989,2025-03-28T19:09:49Z,SLI2460,"20.707489,-100.294876",9725,266,104
1743188991,2025-03-28T19:09:51Z,SLI2460,"20.706802,-100.292374",9725,264,108
1743188993,2025-03-28T19:09:53Z,SLI2460,"20.70575,-100.289429",9725,263,112
1743188995,2025-03-28T19:09:55Z,SLI2460,"20.704742,-100.287125",9725,262,116
1743188997,2025-03-28T19:09:57Z,SLI2460,"20.703552,-100.284874",9725,260,120
1743188999,2025-03-28T19:09:59Z,SLI2460,"20.701996,-100.282272",9725,258,124
1743189001,2025-03-28T19:10:01Z,SLI2460,"20.700384,-100.28006",9725,258,128
1743189003,2025-03-28T19:10:03Z,SLI2460,"20.698801,-100.278107",9725,257,132
1743189006,2025-03-28T19:10:06Z,SLI2460,"20.696594,-100.275848",9725,256,137
1743189008,2025-03-28T19:10:08Z,SLI2460,"20.694891,-100.274315",9725,255,142
1743189010,2025-03-28T19:10:10Z,SLI2460,"20.69261,-100.272568",9725,254,145
1743189012,2025-03-28T19:10:12Z,SLI2460,"20.69046,-100.271141",9725,252,149
1743189015,2025-03-28T19:10:15Z,SLI2460,"20.688354,-100.270012",9725,250,154
1743189017,2025-03-28T19:10:17Z,SLI2460,"20.686249,-100.269028",9725,248,159
1743189019,2025-03-28T19:10:19Z,SLI2460,"20.68364,-100.268051",9725,246,161
1743189021,2025-03-28T19:10:21Z,SLI2460,"20.681854,-100.267456",9725,245,162
1743189023,2025-03-28T19:10:23Z,SLI2460,"20.679062,-100.266571",9725,244,163
1743189025,2025-03-28T19:10:25Z,SLI2460,"20.676682,-100.265839",9725,244,163
1743189028,2025-03-28T19:10:28Z,SLI2460,"20.674269,-100.265076",9725,245,162
1743189030,2025-03-28T19:10:30Z,SLI2460,"20.671707,-100.26413",9750,246,160
1743189032,2025-03-28T19:10:32Z,SLI2460,"20.669474,-100.263229",9750,247,158
1743189034,2025-03-28T19:10:34Z,SLI2460,"20.667425,-100.262276",9750,249,156
1743189036,2025-03-28T19:10:36Z,SLI2460,"20.664911,-100.261032",9750,250,154
1743189044,2025-03-28T19:10:44Z,SLI2460,"20.658068,-100.256638",9700,253,143
1743189046,2025-03-28T19:10:46Z,SLI2460,"20.65567,-100.254662",9700,254,141
1743189048,2025-03-28T19:10:48Z,SLI2460,"20.654064,-100.253189",9700,254,138
1743189050,2025-03-28T19:10:50Z,SLI2460,"20.65197,-100.251144",9700,255,136
1743189052,2025-03-28T19:10:52Z,SLI2460,"20.650293,-100.249344",9725,256,133
1743189054,2025-03-28T19:10:54Z,SLI2460,"20.648664,-100.247498",9725,257,131
1743189057,2025-03-28T19:10:57Z,SLI2460,"20.646652,-100.244995",9750,258,129
1743189059,2025-03-28T19:10:59Z,SLI2460,"20.644939,-100.242706",9725,259,127
1743189061,2025-03-28T19:11:01Z,SLI2460,"20.643543,-100.240707",9725,260,125
1743189063,2025-03-28T19:11:03Z,SLI2460,"20.641754,-100.23793",9725,261,124
1743189066,2025-03-28T19:11:06Z,SLI2460,"20.640381,-100.235779",9725,262,123
1743189068,2025-03-28T19:11:08Z,SLI2460,"20.638935,-100.233414",9725,263,122
1743189070,2025-03-28T19:11:10Z,SLI2460,"20.637585,-100.231117",9725,263,121
1743189072,2025-03-28T19:11:12Z,SLI2460,"20.635986,-100.228317",9725,263,121
1743189074,2025-03-28T19:11:14Z,SLI2460,"20.634476,-100.22567",9725,263,120
1743189077,2025-03-28T19:11:17Z,SLI2460,"20.633348,-100.223625",9725,263,120
1743189079,2025-03-28T19:11:19Z,SLI2460,"20.631775,-100.220718",9725,262,119
1743189081,2025-03-28T19:11:21Z,SLI2460,"20.630539,-100.218414",9725,262,119
1743189083,2025-03-28T19:11:23Z,SLI2460,"20.629395,-100.216209",9725,261,119
1743189085,2025-03-28T19:11:25Z,SLI2460,"20.62793,-100.213509",9725,260,119
1743189098,2025-03-28T19:11:38Z,SLI2460,"20.620127,-100.199059",9725,258,120
1743189112,2025-03-28T19:11:52Z,SLI2460,"20.611908,-100.185356",9725,247,123
1743189125,2025-03-28T19:12:05Z,SLI2460,"20.603302,-100.172211",9725,241,125
1743189138,2025-03-28T19:12:18Z,SLI2460,"20.594337,-100.158562",9725,251,124
1743189151,2025-03-28T19:12:31Z,SLI2460,"20.585861,-100.145676",9725,249,125
1743189165,2025-03-28T19:12:45Z,SLI2460,"20.577347,-100.132744",9700,245,124
1743189178,2025-03-28T19:12:58Z,SLI2460,"20.568222,-100.118904",9725,246,125
1743189191,2025-03-28T19:13:11Z,SLI2460,"20.559423,-100.105621",9725,251,124
1743189204,2025-03-28T19:13:24Z,SLI2460,"20.550905,-100.09269",9700,249,125
1743189217,2025-03-28T19:13:37Z,SLI2460,"20.542152,-100.07946",9750,249,125
1743189231,2025-03-28T19:13:51Z,SLI2460,"20.533354,-100.066124",9725,246,125
1743189246,2025-03-28T19:14:06Z,SLI2460,"20.523857,-100.05014",9725,250,112
1743189248,2025-03-28T19:14:08Z,SLI2460,"20.523066,-100.047844",9750,250,108
1743189250,2025-03-28T19:14:10Z,SLI2460,"20.522415,-100.045448",9775,250,104
1743189252,2025-03-28T19:14:12Z,SLI2460,"20.521902,-100.043053",9800,250,101
1743189255,2025-03-28T19:14:15Z,SLI2460,"20.521482,-100.040108",9775,248,96
1743189257,2025-03-28T19:14:17Z,SLI2460,"20.521297,-100.037712",9775,247,92
1743189259,2025-03-28T19:14:19Z,SLI2460,"20.521271,-100.034538",9775,246,88
1743189261,2025-03-28T19:14:21Z,SLI2460,"20.521454,-100.032135",9775,246,84
1743189264,2025-03-28T19:14:24Z,SLI2460,"20.521902,-100.029022",9750,245,79
1743189266,2025-03-28T19:14:26Z,SLI2460,"20.522554,-100.026176",9750,247,75
1743189268,2025-03-28T19:14:28Z,SLI2460,"20.523113,-100.024277",9775,247,69
1743189270,2025-03-28T19:14:30Z,SLI2460,"20.524183,-100.021477",9775,247,65
1743189272,2025-03-28T19:14:32Z,SLI2460,"20.525299,-100.019188",9775,245,62
1743189274,2025-03-28T19:14:34Z,SLI2460,"20.526443,-100.017128",9775,242,56
1743189277,2025-03-28T19:14:37Z,SLI2460,"20.528,-100.014824",9775,240,53
1743189279,2025-03-28T19:14:39Z,SLI2460,"20.529465,-100.012909",9775,236,49
1743189281,2025-03-28T19:14:41Z,SLI2460,"20.530884,-100.011292",9775,234,44
1743189283,2025-03-28T19:14:43Z,SLI2460,"20.532982,-100.009293",9775,232,40
1743189285,2025-03-28T19:14:45Z,SLI2460,"20.5345,-100.008057",9775,229,35
1743189288,2025-03-28T19:14:48Z,SLI2460,"20.536472,-100.006699",9750,227,29
1743189290,2025-03-28T19:14:50Z,SLI2460,"20.538895,-100.005356",9750,226,24
1743189292,2025-03-28T19:14:52Z,SLI2460,"20.541035,-100.004448",9750,224,20
1743189295,2025-03-28T19:14:55Z,SLI2460,"20.543829,-100.003601",9775,224,14
1743189297,2025-03-28T19:14:57Z,SLI2460,"20.54567,-100.003197",9775,221,9
1743189299,2025-03-28T19:14:59Z,SLI2460,"20.547729,-100.002907",9775,219,4
1743189301,2025-03-28T19:15:01Z,SLI2460,"20.550346,-100.0028",9775,218,3
1743189303,2025-03-28T19:15:03Z,SLI2460,"20.552347,-100.002899",9775,216,355
1743189306,2025-03-28T19:15:06Z,SLI2460,"20.554642,-100.003197",9750,214,351
1743189308,2025-03-28T19:15:08Z,SLI2460,"20.556519,-100.003593",9725,212,346
1743189310,2025-03-28T19:15:10Z,SLI2460,"20.558395,-100.004181",9700,210,341
1743189312,2025-03-28T19:15:12Z,SLI2460,"20.560272,-100.004913",9675,207,337
1743189314,2025-03-28T19:15:14Z,SLI2460,"20.561966,-100.005753",9625,205,333
1743189316,2025-03-28T19:15:16Z,SLI2460,"20.563614,-100.006729",9600,203,328
1743189318,2025-03-28T19:15:18Z,SLI2460,"20.565536,-100.008003",9550,202,327
1743189320,2025-03-28T19:15:20Z,SLI2460,"20.567093,-100.009087",9500,202,326
1743189322,2025-03-28T19:15:22Z,SLI2460,"20.56897,-100.010406",9425,202,326
1743189325,2025-03-28T19:15:25Z,SLI2460,"20.570847,-100.01178",9350,202,325
1743189327,2025-03-28T19:15:27Z,SLI2460,"20.572678,-100.013153",9300,201,323
1743189329,2025-03-28T19:15:29Z,SLI2460,"20.574097,-100.014381",9250,198,321
1743189331,2025-03-28T19:15:31Z,SLI2460,"20.575516,-100.015656",9225,196,318
1743189334,2025-03-28T19:15:34Z,SLI2460,"20.577118,-100.017227",9200,196,315
1743189336,2025-03-28T19:15:36Z,SLI2460,"20.578629,-100.01889",9175,198,312
1743189338,2025-03-28T19:15:38Z,SLI2460,"20.579952,-100.020576",9175,199,308
1743189340,2025-03-28T19:15:40Z,SLI2460,"20.58135,-100.022476",9150,200,306
1743189343,2025-03-28T19:15:43Z,SLI2460,"20.582474,-100.024193",9100,200,304
1743189345,2025-03-28T19:15:45Z,SLI2460,"20.583435,-100.025909",9050,200,299
1743189347,2025-03-28T19:15:47Z,SLI2460,"20.584421,-100.027824",8975,201,297
1743189349,2025-03-28T19:15:49Z,SLI2460,"20.585129,-100.029442",8925,202,293
1743189351,2025-03-28T19:15:51Z,SLI2460,"20.585999,-100.031693",8875,202,291
1743189353,2025-03-28T19:15:53Z,SLI2460,"20.586702,-100.033714",8800,202,290
1743189355,2025-03-28T19:15:55Z,SLI2460,"20.587309,-100.035713",8750,202,288
1743189357,2025-03-28T19:15:57Z,SLI2460,"20.587727,-100.037163",8700,202,286
1743189359,2025-03-28T19:15:59Z,SLI2460,"20.588285,-100.039154",8675,202,286
1743189361,2025-03-28T19:16:01Z,SLI2460,"20.58889,-100.041451",8625,202,285
1743189364,2025-03-28T19:16:04Z,SLI2460,"20.589386,-100.043465",8550,199,283
1743189366,2025-03-28T19:16:06Z,SLI2460,"20.58989,-100.045822",8525,198,283
1743189368,2025-03-28T19:16:08Z,SLI2460,"20.590393,-100.048073",8500,197,282
1743189370,2025-03-28T19:16:10Z,SLI2460,"20.590668,-100.049545",8475,196,282
1743189372,2025-03-28T19:16:12Z,SLI2460,"20.591219,-100.052094",8425,196,282
1743189375,2025-03-28T19:16:15Z,SLI2460,"20.591629,-100.054108",8375,196,282
1743189377,2025-03-28T19:16:17Z,SLI2460,"20.592087,-100.056412",8325,196,281
1743189379,2025-03-28T19:16:19Z,SLI2460,"20.592428,-100.058136",8300,196,282
1743189393,2025-03-28T19:16:33Z,SLI2460,"20.594879,-100.070885",8025,185,281
1743189406,2025-03-28T19:16:46Z,SLI2460,"20.596985,-100.082359",7800,165,281
1743189419,2025-03-28T19:16:59Z,SLI2460,"20.59877,-100.091927",7625,157,281
1743189433,2025-03-28T19:17:13Z,SLI2460,"20.600464,-100.100067",7475,155,282
